<?xml version="1.0" encoding="UTF-8" standalone="yes"?>
<session xmlns="http://phon.ling.mun.ca/ns/phonbank" id="action" corpus="Events" version="PB1.2">
    <header>
        <date>2012-11-02</date>
        <language>eng</language>
    </header>
    <participants>
        <participant id="p0">
            <role>Target Child</role>
            <name>Testy McTester</name>
            <group></group>
            <sex>male</sex>
            <education></education>
            <birthday>2000-01-01</birthday>
            <language>eng</language>
        </participant>
    </participants>
    <transcribers/>
    <userTiers/>
    <tierOrder>
        <tier tierName="Orthography" visible="true" locked="false" font="default"/>
        <tier tierName="IPA Target" visible="true" locked="false" font="default"/>
        <tier tierName="IPA Actual" visible="true" locked="false" font="default"/>
        <tier tierName="Notes" visible="true" locked="false" font="default"/>
        <tier tierName="Segment" visible="true" locked="false" font="default"/>
    </tierOrder>
    <transcript>
        <u speaker="p0" id="9dee44f9-3805-4f7c-81df-5a2c2682f6ea" excludeFromSearches="false">
            <orthography>
                <g>
                    <e>(action:)</e>
                </g>
            </orthography>
            <ipaTier form="model">
                <pg>
                    <w></w>
                    <sb/>
                </pg>
            </ipaTier>
            <ipaTier form="actual">
                <pg>
                    <w></w>
                    <sb/>
                </pg>
            </ipaTier>
            <alignment type="segmental">
                <ag length="0"/>
            </alignment>
            <segment startTime="0.0" duration="0.0" unitType="ms"/>
            <notes tierName="Notes">Note the parenthesis around the 'action' information.</notes>
        </u>
    </transcript>
</session>
