<?xml version="1.0" encoding="UTF-8" standalone="yes"?>
<session xmlns="http://phon.ling.mun.ca/ns/phonbank" id="empty ortho" corpus="General" version="PB1.2">
    <header>
        <date>2012-10-19</date>
        <language>eng</language>
    </header>
    <participants>
        <participant id="p0">
            <role>Target Child</role>
            <name>Testy McTester</name>
            <group></group>
            <sex>male</sex>
            <education></education>
            <birthday>2000-01-01</birthday>
            <language>eng</language>
        </participant>
    </participants>
    <transcribers/>
    <userTiers/>
    <tierOrder>
        <tier tierName="Orthography" visible="true" locked="false" font="default"/>
        <tier tierName="IPA Target" visible="true" locked="false" font="default"/>
        <tier tierName="IPA Actual" visible="true" locked="false" font="default"/>
        <tier tierName="Notes" visible="true" locked="false" font="default"/>
        <tier tierName="Segment" visible="true" locked="false" font="default"/>
    </tierOrder>
    <transcript>
        <u speaker="p0" id="e5f9fcfd-3fdf-430e-bbc3-086108f85247" excludeFromSearches="false">
            <orthography>
                <g/>
            </orthography>
            <ipaTier form="model">
                <pg>
                    <w>ba</w>
                    <sb>
                        <ph indexes="0" scType="O"/>
                        <ph indexes="1" scType="N" hiatus="true"/>
                    </sb>
                </pg>
            </ipaTier>
            <ipaTier form="actual">
                <pg>
                    <w>da</w>
                    <sb>
                        <ph indexes="0" scType="O"/>
                        <ph indexes="1" scType="N" hiatus="true"/>
                    </sb>
                </pg>
            </ipaTier>
            <alignment type="segmental">
                <ag length="2">
                    <phomap value="0 0"/>
                    <phomap value="1 1"/>
                </ag>
            </alignment>
            <segment startTime="0.0" duration="0.0" unitType="ms"/>
            <notes tierName="Notes">No orthography</notes>
        </u>
    </transcript>
</session>
