<?xml version="1.0" encoding="UTF-8" standalone="yes"?>
<session xmlns="http://phon.ling.mun.ca/ns/phonbank" id="paralinguistics" corpus="Group Annotations" version="PB1.2">
    <header>
        <date>2012-11-01</date>
        <language>eng</language>
    </header>
    <participants>
        <participant id="p0">
            <role>Target Child</role>
            <name>Testy McTester</name>
            <group></group>
            <sex>male</sex>
            <education></education>
            <birthday>2000-01-01</birthday>
            <language>eng</language>
        </participant>
    </participants>
    <transcribers/>
    <userTiers/>
    <tierOrder>
        <tier tierName="Orthography" visible="true" locked="false" font="default"/>
        <tier tierName="IPA Target" visible="true" locked="false" font="default"/>
        <tier tierName="IPA Actual" visible="true" locked="false" font="default"/>
        <tier tierName="Notes" visible="true" locked="false" font="default"/>
        <tier tierName="Segment" visible="true" locked="false" font="default"/>
    </tierOrder>
    <transcript>
        <u speaker="p0" id="4c7f7c6d-51ad-4b6b-8601-4c45ce2aba0f" excludeFromSearches="false">
            <orthography>
                <g>
                    <w>I'm</w>
                    <p type="OPEN_BRACE">{</p>
                    <w>sleepy</w>
                    <com>!= yawning</com>
                    <p type="CLOSE_BRACE">}</p>
                </g>
            </orthography>
            <ipaTier form="model">
                <pg>
                    <w></w>
                    <sb/>
                </pg>
            </ipaTier>
            <ipaTier form="actual">
                <pg>
                    <w></w>
                    <sb/>
                </pg>
            </ipaTier>
            <alignment type="segmental"/>
            <segment startTime="0.0" duration="0.0" unitType="ms"/>
        </u>
        <u id="7ff52b1a-5b9d-4c3b-98c4-1a9f1dc7afe8" excludeFromSearches="false">
            <orthography>
                <g>
                    <w>sleepy</w>
                    <com>!= yawning</com>
                </g>
            </orthography>
            <ipaTier form="model">
                <pg>
                    <w></w>
                    <sb/>
                </pg>
            </ipaTier>
            <ipaTier form="actual">
                <pg>
                    <w></w>
                    <sb/>
                </pg>
            </ipaTier>
            <alignment type="segmental">
                <ag length="0"/>
            </alignment>
            <segment startTime="0.0" duration="0.0" unitType="ms"/>
        </u>
    </transcript>
</session>
