<?xml version="1.0" encoding="UTF-8" standalone="yes"?>
<project Version="1.5" name="PhonTalkTest" appid="1.5" uuid="676ac970-bbf3-4085-ba22-5ccf0fc98804">
    <corpus name="Events">
        <description></description>
        <session name="happening"/>
        <session name="combo"/>
        <session name="action"/>
    </corpus>
    <corpus name="General">
        <description></description>
        <session name="inner-group"/>
        <session name="tagmarkers"/>
        <session name="pauses"/>
        <session name="outer-group-with-pho"/>
        <session name="terminators"/>
        <session name="outer-group"/>
        <session name="inner-group-with-pho"/>
        <session name="participant roles"/>
    </corpus>
    <corpus name="Group Annotations">
        <description></description>
        <session name="repetition"/>
        <session name="alternative"/>
        <session name="comments"/>
        <session name="paralinguistics"/>
        <session name="standard for unclear source"/>
        <session name="explanation"/>
        <session name="standard for child"/>
        <session name="actions"/>
        <session name="error"/>
        <session name="standard for dialect"/>
    </corpus>
    <corpus name="Linkers">
        <description></description>
        <session name="lazy overlap mark"/>
        <session name="quoted utterance next"/>
        <session name="other completion"/>
        <session name="TCU completion"/>
        <session name="quick update"/>
        <session name="no break completion"/>
        <session name="self completion"/>
    </corpus>
    <corpus name="Markers">
        <description></description>
        <session name="best guess"/>
        <session name="retracing reformulation"/>
        <session name="retracing"/>
        <session name="false start"/>
        <session name="contrasive stressing"/>
        <session name="retracing with correction"/>
        <session name="stressing"/>
        <session name="retracing unclear"/>
    </corpus>
    <corpus name="Tiers">
        <description></description>
        <session name="gesture"/>
        <session name="alternative"/>
        <session name="language"/>
        <session name="time stamp"/>
        <session name="comments"/>
        <session name="facial"/>
        <session name="translation"/>
        <session name="paralinguistics"/>
        <session name="coding"/>
        <session name="situation"/>
        <session name="intonation"/>
        <session name="explanation"/>
        <session name="cohesion"/>
        <session name="errcoding"/>
        <session name="target gloss"/>
        <session name="morphology"/>
        <session name="english translation"/>
        <session name="addressee"/>
        <session name="actions"/>
        <session name="custom"/>
        <session name="flow"/>
        <session name="SALT"/>
        <session name="speech act"/>
    </corpus>
    <corpus name="Word Prefix Codes">
        <description></description>
        <session name="ellipsis"/>
        <session name="unintelligible-with-pho"/>
        <session name="fragment"/>
        <session name="unintelligible"/>
        <session name="untranscribed"/>
        <session name="omission"/>
    </corpus>
    <corpus name="Word Suffix Codes">
        <description></description>
        <session name="quoted metareference"/>
        <session name="interjection"/>
        <session name="words to be excluded"/>
        <session name="phonology consistent"/>
        <session name="kana"/>
        <session name="filled-pause"/>
        <session name="dialect"/>
        <session name="child-invented"/>
        <session name="word play"/>
        <session name="babbling"/>
        <session name="UNIBET"/>
        <session name="sign speech"/>
        <session name="proto-morpheme"/>
        <session name="neologism"/>
        <session name="family-specific"/>
        <session name="signing"/>
        <session name="generic"/>
        <session name="onomatopoeia"/>
        <session name="letter"/>
        <session name="test"/>
        <session name="no voice"/>
        <session name="filler syllable"/>
    </corpus>
</project>
