<?xml version="1.0" encoding="UTF-8" standalone="yes"?>
<session version="PB1.2" corpus="Tiers" id="morphology" xmlns="http://phon.ling.mun.ca/ns/phonbank">
    <header>
        <date>2012-10-25-03:30</date>
        <language>eng</language>
        <media></media>
    </header>
    <participants>
        <participant id="p0">
            <role>Target_Child</role>
            <name>Testy McTester</name>
            <group></group>
            <sex>male</sex>
            <education></education>
            <birthday>2000-01-01-03:30</birthday>
            <language>eng</language>
        </participant>
    </participants>
    <transcribers/>
    <userTiers>
        <userTier grouped="true" tierName="Morphology"/>
    </userTiers>
    <tierOrder>
        <tier font="default" locked="false" visible="true" tierName="Orthography"/>
        <tier font="Charis SIL-PLAIN-14" locked="false" visible="true" tierName="Morphology"/>
        <tier font="default" locked="false" visible="true" tierName="IPA Target"/>
        <tier font="default" locked="false" visible="true" tierName="IPA Actual"/>
        <tier font="default" locked="false" visible="true" tierName="Notes"/>
        <tier font="default" locked="false" visible="true" tierName="Segment"/>
    </tierOrder>
    <transcript>
        <u id="u0" speaker="p0">
            <orthography>
                <g>
                    <w>go</w>
                    <w>0to</w>
                    <w>see</w>
                    <w>him</w>
                    <w>.</w>
                </g>
            </orthography>
            <ipaTier form="model">
                <pg>
                    <w>ɡəʊ</w>
                    <w>si</w>
                    <w>ım</w>
                    <sb>
                        <ph scType="O" indexes="0"/>
                        <ph hiatus="true" scType="N" indexes="1"/>
                        <ph hiatus="false" scType="N" indexes="2"/>
                        <ph scType="WB" indexes="3"/>
                        <ph scType="O" indexes="4"/>
                        <ph hiatus="true" scType="N" indexes="5"/>
                        <ph scType="WB" indexes="6"/>
                        <ph hiatus="true" scType="N" indexes="7"/>
                        <ph scType="C" indexes="8"/>
                    </sb>
                </pg>
            </ipaTier>
            <ipaTier form="actual">
                <pg>
                    <w>ɡəʊ</w>
                    <w>si</w>
                    <w>ım</w>
                    <sb>
                        <ph scType="O" indexes="0"/>
                        <ph hiatus="true" scType="N" indexes="1"/>
                        <ph hiatus="false" scType="N" indexes="2"/>
                        <ph scType="WB" indexes="3"/>
                        <ph scType="O" indexes="4"/>
                        <ph hiatus="true" scType="N" indexes="5"/>
                        <ph scType="WB" indexes="6"/>
                        <ph hiatus="true" scType="N" indexes="7"/>
                        <ph scType="C" indexes="8"/>
                    </sb>
                </pg>
            </ipaTier>
            <alignment type="segmental">
                <ag length="7">
                    <phomap value="0 0"/>
                    <phomap value="1 1"/>
                    <phomap value="2 2"/>
                    <phomap value="3 3"/>
                    <phomap value="4 4"/>
                    <phomap value="5 5"/>
                    <phomap value="6 6"/>
                </ag>
            </alignment>
            <groupTier tierName="addressee">
                <tg/>
            </groupTier>
            <groupTier tierName="Morphology">
                <tg>
                    <w>v|go</w>
                    <w>v|see</w>
                    <w>pro:obj|him</w>
                    <w>.</w>
                </tg>
            </groupTier>
        </u>
    </transcript>
</session>
