<?xml version="1.0" encoding="UTF-8" standalone="yes"?>
<session xmlns="http://phon.ling.mun.ca/ns/phonbank" id="orthography" corpus="Tiers" version="PB1.2">
    <header>
        <date>2012-10-19</date>
        <language>eng</language>
    </header>
    <participants>
        <participant id="p0">
            <role>Target Child</role>
            <name>Testy McTester</name>
            <group></group>
            <sex>male</sex>
            <education></education>
            <birthday>2000-01-01</birthday>
            <language>eng</language>
        </participant>
    </participants>
    <transcribers/>
    <userTiers>
        <userTier tierName="ort" grouped="false"/>
    </userTiers>
    <tierOrder>
        <tier tierName="Orthography" visible="true" locked="false" font="default"/>
        <tier tierName="IPA Target" visible="true" locked="false" font="default"/>
        <tier tierName="IPA Actual" visible="true" locked="false" font="default"/>
        <tier tierName="Notes" visible="true" locked="false" font="default"/>
        <tier tierName="Segment" visible="true" locked="false" font="default"/>
        <tier tierName="ort" visible="true" locked="false" font="default"/>
    </tierOrder>
    <transcript>
        <u id="c19ec04d-cbd1-402b-9b3a-ba1e1d4da05e" excludeFromSearches="false">
            <orthography>
                <g>
                    <w>hello</w>
                </g>
            </orthography>
            <ipaTier form="model">
                <pg>
                    <w>həˈloʊ</w>
                    <sb>
                        <ph indexes="0" scType="O"/>
                        <ph indexes="1" scType="N" hiatus="true"/>
                        <ph indexes="2" scType="SS"/>
                        <ph indexes="3" scType="O"/>
                        <ph indexes="4" scType="N" hiatus="true"/>
                        <ph indexes="5" scType="N" hiatus="false"/>
                    </sb>
                </pg>
            </ipaTier>
            <ipaTier form="actual">
                <pg>
                    <w>əˈho</w>
                    <sb>
                        <ph indexes="0" scType="N" hiatus="true"/>
                        <ph indexes="1" scType="SS"/>
                        <ph indexes="2" scType="O"/>
                        <ph indexes="3" scType="N" hiatus="true"/>
                    </sb>
                </pg>
            </ipaTier>
            <alignment type="segmental">
                <ag length="5">
                    <phomap value="0 -1"/>
                    <phomap value="1 0"/>
                    <phomap value="2 1"/>
                    <phomap value="3 2"/>
                    <phomap value="4 -1"/>
                </ag>
            </alignment>
            <segment startTime="0.0" duration="0.0" unitType="ms"/>
            <flatTier tierName="ort">goodbye sanity</flatTier>
            <groupTier tierName="addressee">
                <tg>
                    <w></w>
                </tg>
            </groupTier>
        </u>
    </transcript>
</session>
