<?xml version="1.0" encoding="UTF-8" standalone="yes"?>
<session xmlns="http://phon.ling.mun.ca/ns/phonbank" id="otherspokenevent" corpus="Word Prefix Codes" version="PB1.2">
    <header>
        <date>2012-10-19</date>
        <language>eng</language>
    </header>
    <participants>
        <participant id="p0">
            <role>Target Child</role>
            <name>Testy McTester</name>
            <group></group>
            <sex>male</sex>
            <education></education>
            <birthday>2000-01-01</birthday>
            <language>eng</language>
        </participant>
    </participants>
    <transcribers/>
    <userTiers/>
    <tierOrder>
        <tier tierName="Orthography" visible="true" locked="false" font="default"/>
        <tier tierName="IPA Target" visible="true" locked="false" font="default"/>
        <tier tierName="IPA Actual" visible="true" locked="false" font="default"/>
        <tier tierName="Notes" visible="true" locked="false" font="default"/>
        <tier tierName="Segment" visible="true" locked="false" font="default"/>
    </tierOrder>
    <transcript>
        <u speaker="p0" id="cb9a0177-f503-4534-af51-a98f15a79b0d" excludeFromSearches="false">
            <orthography>
                <g/>
            </orthography>
            <ipaTier form="model">
                <pg>
                    <w></w>
                    <sb/>
                </pg>
            </ipaTier>
            <ipaTier form="actual">
                <pg>
                    <w></w>
                    <sb/>
                </pg>
            </ipaTier>
            <alignment type="segmental"/>
            <segment startTime="0.0" duration="0.0" unitType="ms"/>
        </u>
    </transcript>
</session>
